{
    "prediction_data": [34.519608, 34.40689, 33.73633, 33.219822, 32.26, 32.09173, 31.90333, 30.96251, 30.981928, 30.64587, 30.178247, 30.352169, 29.236843, 28.882034, 28.986101, 28.759998, 29.08386, 29.31689, 29.374039, 30.523033, 32.56821, 33.465492, 32.936558, 33.951912],
    "pred_start_timestamps": 1760872560.1735356
}
